audit_id,factory_id,audit_date,auditor,labour_score,safety_score,env_score,overall_rating,violations
1,1,2024-01-12,Internal EPIC QA,72,80,74,75,1
2,1,2024-07-06,Sedex/SMETA,79,76,75,77,1
3,1,2025-03-12,BSCI Auditor,81,84,72,79,1
4,1,2025-07-09,Sedex/SMETA,81,78,68,76,1
5,1,2026-01-30,Internal EPIC QA,77,79,69,75,1
6,1,2026-07-21,Internal EPIC QA,76,78,73,76,2
7,2,2024-01-22,Bureau Veritas,88,69,92,83,1
8,2,2024-08-04,Internal EPIC QA,93,70,94,86,2
9,2,2025-01-08,Internal EPIC QA,85,72,87,81,1
10,2,2025-07-09,Bureau Veritas,94,72,87,84,0
11,2,2026-02-20,BSCI Auditor,92,69,94,85,1
12,2,2026-08-01,Bureau Veritas,93,71,92,85,2
13,3,2024-01-29,Sedex/SMETA,91,84,78,84,0
14,3,2024-07-15,Bureau Veritas,93,79,78,83,2
15,3,2025-03-18,Bureau Veritas,89,83,77,83,2
16,3,2025-09-06,Internal EPIC QA,85,80,73,79,2
17,3,2026-03-12,Sedex/SMETA,79,76,57,71,4
18,3,2026-07-15,Internal EPIC QA,73,72,41,62,6
19,4,2024-02-07,Internal EPIC QA,87,82,74,81,0
20,4,2024-09-03,Internal EPIC QA,93,76,70,80,2
21,4,2025-03-06,BSCI Auditor,88,77,77,81,1
22,4,2025-09-08,Bureau Veritas,85,84,76,82,1
23,4,2026-01-03,Sedex/SMETA,90,79,69,79,0
24,4,2026-07-31,Bureau Veritas,86,76,77,80,2
25,5,2024-01-17,Internal EPIC QA,74,90,79,81,0
26,5,2024-09-06,BSCI Auditor,73,85,78,79,2
27,5,2025-02-09,Bureau Veritas,77,92,75,81,1
28,5,2025-09-05,Sedex/SMETA,68,85,76,76,0
29,5,2026-02-13,BSCI Auditor,76,90,69,78,0
30,5,2026-07-01,Sedex/SMETA,77,82,70,76,0
31,6,2024-03-06,BSCI Auditor,70,85,70,75,1
32,6,2024-09-08,BSCI Auditor,75,84,69,76,1
33,6,2025-03-02,Bureau Veritas,69,76,73,73,0
34,6,2025-08-15,Sedex/SMETA,72,82,73,76,2
35,6,2026-01-13,BSCI Auditor,72,80,67,73,0
36,6,2026-07-25,Bureau Veritas,74,82,70,75,0
37,7,2024-02-01,Sedex/SMETA,77,81,80,79,0
38,7,2024-09-08,Bureau Veritas,71,76,79,75,0
39,7,2025-03-04,BSCI Auditor,73,79,86,79,0
40,7,2025-08-18,Internal EPIC QA,76,77,79,77,1
41,7,2026-02-24,BSCI Auditor,80,80,87,82,0
42,7,2026-08-07,Sedex/SMETA,70,82,82,78,2
43,8,2024-03-15,Sedex/SMETA,83,74,73,77,0
44,8,2024-09-04,Sedex/SMETA,77,67,67,70,2
45,8,2025-01-31,Sedex/SMETA,76,75,72,74,0
46,8,2025-09-18,Internal EPIC QA,81,76,67,75,2
47,8,2026-02-03,Internal EPIC QA,85,71,69,75,0
48,8,2026-08-20,Bureau Veritas,85,76,68,76,1
49,9,2024-02-28,BSCI Auditor,84,68,74,75,0
50,9,2024-09-03,BSCI Auditor,77,72,69,73,0
51,9,2025-02-17,Internal EPIC QA,77,74,69,73,2
52,9,2025-09-17,Internal EPIC QA,83,67,75,75,2
53,9,2026-01-14,BSCI Auditor,79,68,67,71,0
54,9,2026-08-04,Internal EPIC QA,84,70,69,74,2
55,10,2024-03-05,Bureau Veritas,75,85,80,80,0
56,10,2024-08-05,Internal EPIC QA,71,90,73,78,0
57,10,2025-01-21,Sedex/SMETA,79,91,80,83,2
58,10,2025-07-15,Internal EPIC QA,73,93,74,80,0
59,10,2026-03-16,Sedex/SMETA,73,91,81,82,0
60,10,2026-08-09,BSCI Auditor,71,90,78,80,0
