factory_id,factory_name,factory_location,capacity
1,"Rodriguez, Figueroa and Sanchez Garments",Vietnam,20000
2,Doyle Ltd Garments,Cambodia,30000
3,"Mcclain, Miller and Henderson Garments",Bangladesh,30000
4,Davis and Sons Garments,Vietnam,60000
5,"Guzman, Hoffman and Baldwin Garments",Vietnam,60000
6,"Gardner, Robinson and Lawrence Garments",China,20000
7,Blake and Sons Garments,Vietnam,20000
8,"Henderson, Ramirez and Lewis Garments",Bangladesh,30000
9,Garcia-James Garments,India,60000
10,Abbott-Munoz Garments,Vietnam,60000
