order_id,buyer_id,factory_id,product_category,order_value,quantity,order_date,ship_date,seasons
1,3,2,Knitwear,37107.84,2112,2024-01-12,2024-03-04,SS
2,4,6,Knitwear,4236.9,974,2024-03-29,2024-05-12,SS
3,3,6,Activewear,23137.7,2885,2024-02-17,2024-04-09,SS
4,5,4,Activewear,16705.28,3368,2024-01-24,2024-02-28,SS
5,5,4,Activewear,61832.1,10054,2024-01-31,2024-03-27,SS
6,3,10,Activewear,13144.89,653,2024-02-02,2024-04-09,SS
7,3,8,Accessories,162399.63,7737,2024-01-21,2024-02-19,SS
8,3,10,Woven Tops,152813.76,7984,2024-03-29,2024-05-09,SS
9,4,10,Accessories,95011.84,6748,2024-01-14,2024-02-23,SS
10,3,6,Accessories,59922.72,6984,2024-01-03,2024-03-10,SS
11,1,10,Accessories,241460.52,13209,2024-03-04,2024-04-16,SS
12,3,2,Woven Tops,86870.08,10672,2024-03-22,2024-04-28,SS
13,1,10,Knitwear,100598.49,5561,2024-03-23,2024-04-19,SS
14,5,2,Activewear,50895.9,5335,2024-01-17,2024-02-16,SS
15,2,8,Accessories,319022.73,14859,2024-01-17,2024-03-16,SS
16,5,2,Denim,293810.67,14011,2024-01-22,2024-03-03,SS
17,3,7,Woven Tops,48964.7,2806,2024-02-29,2024-03-29,SS
18,4,5,Denim,145303.2,13454,2024-02-16,2024-03-17,SS
19,5,10,Denim,200039.28,11523,2024-02-28,2024-04-16,SS
20,5,2,Activewear,36354.5,2275,2024-03-22,2024-05-09,SS
21,1,10,Knitwear,79762.0,10495,2024-03-12,2024-04-26,SS
22,4,8,Knitwear,14682.99,2411,2024-03-24,2024-05-14,SS
23,3,10,Woven Tops,86528.86,4346,2024-01-15,2024-02-15,SS
24,4,10,Accessories,207616.5,12675,2024-02-17,2024-04-24,SS
25,4,5,Activewear,59855.9,11230,2024-01-20,2024-03-11,SS
26,5,2,Activewear,122223.15,11809,2024-02-05,2024-03-03,SS
27,4,6,Denim,120860.2,11734,2024-02-16,2024-03-18,SS
28,1,7,Activewear,52671.06,2501,2024-02-05,2024-03-13,SS
29,1,10,Knitwear,159715.35,10977,2024-01-28,2024-04-03,SS
30,1,7,Knitwear,186698.42,13393,2024-02-01,2024-03-05,SS
31,5,10,Denim,270753.39,13821,2024-03-16,2024-04-23,SS
32,2,6,Woven Tops,316038.8,14564,2024-04-01,2024-05-13,SS
33,5,2,Woven Tops,221274.9,11330,2024-04-23,2024-05-25,SS
34,1,7,Denim,21997.16,5804,2024-05-01,2024-07-02,SS
35,1,3,Activewear,40838.98,2362,2024-05-24,2024-07-21,SS
36,4,8,Woven Tops,27111.96,2286,2024-06-05,2024-08-06,SS
37,5,10,Knitwear,65128.77,5441,2024-06-24,2024-08-21,SS
38,1,7,Activewear,64575.5,11741,2024-05-22,2024-07-13,SS
39,1,3,Denim,13829.6,2930,2024-05-12,2024-07-14,SS
40,5,4,Accessories,115829.84,12167,2024-06-14,2024-08-13,SS
41,5,2,Knitwear,119401.74,10419,2024-05-29,2024-07-25,SS
42,5,4,Activewear,157407.14,7898,2024-04-28,2024-06-19,SS
43,3,10,Activewear,65502.78,12453,2024-05-22,2024-07-12,SS
44,3,6,Knitwear,241856.16,11752,2024-05-18,2024-06-21,SS
45,1,3,Denim,35956.14,2082,2024-04-12,2024-06-03,SS
46,2,6,Knitwear,134746.89,9701,2024-04-08,2024-06-09,SS
47,4,8,Knitwear,300917.68,14722,2024-06-25,2024-08-16,SS
48,3,8,Woven Tops,31175.43,2197,2024-05-10,2024-06-26,SS
49,2,6,Accessories,79095.5,14381,2024-06-01,2024-07-10,SS
50,3,7,Accessories,77498.15,4205,2024-05-06,2024-07-06,SS
51,5,4,Denim,38387.79,9621,2024-06-26,2024-08-31,SS
52,1,3,Denim,119777.02,12991,2024-05-05,2024-07-13,SS
53,3,7,Knitwear,153123.48,9778,2024-04-24,2024-05-28,SS
54,2,6,Woven Tops,34651.9,2003,2024-06-21,2024-07-17,SS
55,4,10,Denim,31857.3,3078,2024-05-29,2024-07-14,SS
56,5,4,Accessories,19544.09,3049,2024-04-11,2024-05-09,SS
57,1,10,Activewear,122204.25,7759,2024-04-11,2024-05-23,SS
58,5,2,Knitwear,70421.57,4031,2024-05-24,2024-07-05,SS
59,3,10,Activewear,186356.55,11611,2024-04-15,2024-05-28,SS
60,5,4,Accessories,44450.72,4112,2024-05-10,2024-06-06,SS
61,1,3,Denim,70092.0,3960,2024-04-27,2024-06-10,SS
62,3,6,Woven Tops,149800.68,8649,2024-04-16,2024-05-11,SS
63,2,5,Denim,54442.5,4270,2024-09-07,2024-11-16,FW
64,1,7,Knitwear,9692.07,807,2024-07-06,2024-08-27,FW
65,3,8,Activewear,118505.38,7126,2024-08-24,2024-10-24,FW
66,3,7,Accessories,38884.28,5821,2024-08-21,2024-09-16,FW
67,4,8,Activewear,78274.56,14336,2024-07-12,2024-09-02,FW
68,5,2,Denim,136886.4,6984,2024-09-06,2024-10-06,FW
69,2,5,Accessories,134806.23,8863,2024-07-22,2024-08-20,FW
70,5,10,Woven Tops,263612.91,12417,2024-08-14,2024-09-30,FW
71,2,8,Woven Tops,25041.72,3732,2024-07-19,2024-08-29,FW
72,1,3,Accessories,141443.46,8101,2024-09-19,2024-11-14,FW
73,4,5,Denim,101739.36,10732,2024-09-21,2024-11-25,FW
74,2,5,Denim,117569.1,7745,2024-07-09,2024-09-02,FW
75,5,10,Activewear,15846.6,1715,2024-08-15,2024-10-11,FW
76,1,3,Knitwear,27110.51,1757,2024-08-17,2024-09-29,FW
77,5,4,Knitwear,115073.44,8081,2024-09-03,2024-10-22,FW
78,4,5,Accessories,84717.23,5767,2024-09-22,2024-10-29,FW
79,2,8,Denim,277512.18,13786,2024-08-27,2024-09-27,FW
80,1,10,Activewear,9219.28,1141,2024-09-21,2024-10-27,FW
81,4,5,Denim,31713.0,3100,2024-09-05,2024-11-08,FW
82,4,10,Denim,46018.65,10295,2024-08-13,2024-10-20,FW
83,1,7,Denim,123689.1,11614,2024-07-13,2024-09-11,FW
84,5,10,Denim,158541.66,10047,2024-08-12,2024-09-11,FW
85,3,10,Denim,252556.05,12113,2024-07-17,2024-09-18,FW
86,5,2,Accessories,81002.78,13823,2024-09-21,2024-11-06,FW
87,1,10,Denim,89987.89,8831,2024-09-24,2024-11-15,FW
88,3,2,Woven Tops,163150.0,13052,2024-07-28,2024-09-12,FW
89,2,8,Accessories,259176.8,14335,2024-07-10,2024-08-22,FW
90,5,4,Accessories,110386.85,11345,2024-09-06,2024-10-03,FW
91,2,6,Accessories,21632.3,3158,2024-08-18,2024-09-21,FW
92,2,6,Woven Tops,74045.44,7231,2024-08-26,2024-09-22,FW
93,4,5,Denim,57975.54,4333,2024-08-06,2024-09-28,FW
94,4,6,Activewear,213734.95,9845,2024-11-17,2025-01-24,FW
95,3,10,Woven Tops,157335.42,7359,2024-12-04,2025-01-31,FW
96,5,10,Denim,136351.95,11005,2024-11-02,2024-11-30,FW
97,5,10,Woven Tops,26108.5,5170,2024-12-06,2025-01-07,FW
98,3,10,Woven Tops,163592.85,14115,2024-12-05,2025-01-08,FW
99,4,8,Denim,14858.76,1372,2024-10-04,2024-11-24,FW
100,2,5,Knitwear,16795.56,4178,2024-10-11,2024-11-28,FW
101,3,2,Activewear,106444.0,5200,2024-10-18,2024-11-14,FW
102,2,6,Knitwear,38091.6,10581,2024-11-30,2025-01-22,FW
103,1,7,Accessories,198266.99,9491,2024-10-28,2024-12-01,FW
104,5,2,Knitwear,39844.51,4393,2024-10-15,2024-11-27,FW
105,2,5,Activewear,37228.74,7989,2024-12-21,2025-02-23,FW
106,5,4,Woven Tops,126454.02,8943,2024-10-03,2024-12-07,FW
107,3,10,Activewear,49926.0,6280,2024-10-01,2024-12-04,FW
108,2,6,Knitwear,195406.28,9076,2024-12-25,2025-01-24,FW
109,5,4,Activewear,37166.52,9579,2024-12-04,2025-01-30,FW
110,1,10,Denim,80671.15,4655,2024-11-19,2025-01-06,FW
111,1,7,Accessories,58498.06,10793,2024-10-31,2025-01-06,FW
112,3,2,Woven Tops,92183.2,9445,2024-10-06,2024-11-22,FW
113,4,10,Activewear,82632.05,13795,2024-12-20,2025-01-25,FW
114,1,7,Knitwear,96784.59,13461,2024-10-26,2024-11-22,FW
115,3,6,Denim,187789.45,13859,2024-12-05,2025-01-24,FW
116,1,10,Knitwear,123468.6,6348,2024-10-25,2024-12-07,FW
117,3,6,Activewear,152873.64,7659,2024-10-16,2024-12-03,FW
118,4,8,Accessories,150342.6,11838,2024-10-24,2024-12-19,FW
119,3,7,Woven Tops,110680.75,7555,2024-11-24,2024-12-24,FW
120,5,2,Denim,17331.27,1811,2024-11-11,2024-12-12,FW
121,3,10,Activewear,49224.98,7481,2024-12-17,2025-02-25,FW
122,3,10,Denim,232288.81,10573,2024-10-06,2024-11-22,FW
123,1,3,Woven Tops,73124.1,7155,2024-12-25,2025-02-28,FW
124,1,3,Woven Tops,154424.61,13301,2024-12-17,2025-02-23,FW
125,1,3,Accessories,68061.14,6433,2025-03-24,2025-05-11,SS
126,1,10,Denim,165684.55,7871,2025-01-20,2025-03-29,SS
127,4,7,Denim,94400.46,9174,2025-03-15,2025-04-17,SS
128,3,2,Accessories,87117.82,12553,2025-01-15,2025-02-10,SS
129,4,5,Activewear,109799.04,13197,2025-01-16,2025-02-26,SS
130,2,6,Woven Tops,61538.4,8547,2025-02-06,2025-04-16,SS
131,1,7,Denim,171034.4,7792,2025-01-23,2025-04-03,SS
132,3,7,Woven Tops,105087.43,5257,2025-03-12,2025-05-10,SS
133,2,5,Woven Tops,54039.36,2488,2025-03-07,2025-04-15,SS
134,2,5,Activewear,134939.93,9577,2025-01-04,2025-02-21,SS
135,5,10,Activewear,14539.94,1577,2025-03-20,2025-04-19,SS
136,5,2,Denim,9940.56,1708,2025-02-22,2025-04-24,SS
137,1,7,Accessories,88593.12,8976,2025-03-01,2025-05-08,SS
138,5,10,Knitwear,177818.3,8738,2025-01-17,2025-03-10,SS
139,1,10,Woven Tops,20780.5,3197,2025-01-20,2025-03-05,SS
140,3,8,Accessories,32833.65,4605,2025-02-06,2025-03-08,SS
141,3,2,Accessories,141267.42,10566,2025-03-22,2025-05-05,SS
142,2,6,Accessories,51839.76,3304,2025-03-16,2025-04-19,SS
143,3,8,Accessories,7942.2,1830,2025-01-06,2025-02-01,SS
144,3,2,Activewear,162805.64,10627,2025-03-15,2025-05-05,SS
145,5,2,Activewear,67548.36,8412,2025-03-24,2025-05-07,SS
146,3,10,Activewear,9508.02,1481,2025-01-10,2025-03-20,SS
147,4,10,Denim,64304.24,10439,2025-01-27,2025-03-14,SS
148,3,10,Denim,124134.93,8937,2025-01-17,2025-03-06,SS
149,2,5,Knitwear,63635.94,7866,2025-01-16,2025-02-27,SS
150,1,7,Woven Tops,59461.5,7350,2025-02-19,2025-04-24,SS
151,3,8,Accessories,83862.9,13002,2025-02-10,2025-03-19,SS
152,4,10,Activewear,4544.43,879,2025-02-09,2025-04-06,SS
153,5,2,Knitwear,100871.71,10057,2025-01-31,2025-03-10,SS
154,3,10,Accessories,140634.78,11518,2025-03-18,2025-05-23,SS
155,1,3,Denim,125497.62,14958,2025-02-25,2025-03-30,SS
156,4,8,Woven Tops,18798.9,1338,2025-04-06,2025-05-26,SS
157,3,8,Accessories,87616.07,6829,2025-05-07,2025-06-05,SS
158,3,8,Knitwear,14382.48,2446,2025-06-27,2025-08-30,SS
159,4,8,Woven Tops,113380.3,6490,2025-05-14,2025-07-13,SS
160,5,4,Woven Tops,5030.06,1159,2025-05-22,2025-07-18,SS
161,3,10,Accessories,43276.8,2940,2025-06-06,2025-07-30,SS
162,2,5,Accessories,34054.74,3162,2025-06-18,2025-08-02,SS
163,3,8,Activewear,181925.1,14070,2025-05-14,2025-07-10,SS
164,5,2,Knitwear,62932.05,6535,2025-05-31,2025-06-26,SS
165,4,5,Activewear,43127.91,10809,2025-05-10,2025-07-18,SS
166,3,8,Activewear,54819.55,12319,2025-06-13,2025-07-22,SS
167,2,6,Woven Tops,251420.46,13191,2025-06-20,2025-08-23,SS
168,2,8,Activewear,16169.0,2300,2025-06-13,2025-08-21,SS
169,3,10,Accessories,85880.51,11813,2025-04-20,2025-06-10,SS
170,5,2,Accessories,36182.2,2762,2025-04-08,2025-06-17,SS
171,3,10,Activewear,119568.0,5640,2025-06-07,2025-07-26,SS
172,5,2,Denim,205767.94,11573,2025-06-09,2025-07-26,SS
173,5,2,Woven Tops,70081.22,5071,2025-04-25,2025-06-04,SS
174,3,6,Activewear,151227.5,12050,2025-04-27,2025-07-05,SS
175,3,8,Accessories,35218.56,2496,2025-05-06,2025-06-18,SS
176,4,10,Knitwear,22504.24,5258,2025-05-15,2025-06-18,SS
177,3,10,Woven Tops,157515.84,12744,2025-06-23,2025-08-03,SS
178,5,2,Accessories,29898.0,4950,2025-06-11,2025-08-19,SS
179,5,10,Woven Tops,232348.5,11474,2025-05-02,2025-05-30,SS
180,2,8,Knitwear,99127.47,5911,2025-04-13,2025-06-03,SS
181,2,8,Activewear,111646.28,7166,2025-06-10,2025-07-15,SS
182,4,6,Knitwear,79969.2,5176,2025-05-07,2025-06-21,SS
183,5,10,Woven Tops,37822.64,3368,2025-06-08,2025-07-05,SS
184,1,7,Denim,272022.3,12771,2025-06-03,2025-07-09,SS
185,1,3,Denim,56958.75,10375,2025-05-09,2025-07-09,SS
186,3,10,Woven Tops,114897.6,9090,2025-06-22,2025-08-20,SS
187,5,2,Woven Tops,76730.58,13751,2025-08-04,2025-09-10,FW
188,4,8,Denim,122412.32,12568,2025-07-24,2025-08-18,FW
189,5,4,Activewear,203244.06,10509,2025-07-25,2025-08-30,FW
190,4,5,Woven Tops,112223.96,7067,2025-08-11,2025-09-10,FW
191,2,5,Woven Tops,5083.52,611,2025-08-11,2025-09-20,FW
192,4,8,Knitwear,169425.41,10043,2025-08-12,2025-09-25,FW
193,3,6,Activewear,24044.45,1517,2025-09-27,2025-11-06,FW
194,3,2,Denim,179725.14,8733,2025-08-21,2025-10-28,FW
195,1,10,Woven Tops,80226.3,10570,2025-08-07,2025-09-24,FW
196,4,6,Accessories,74088.99,6621,2025-08-28,2025-10-30,FW
197,4,5,Accessories,104894.56,12982,2025-09-24,2025-11-01,FW
198,1,10,Accessories,122585.7,12030,2025-08-27,2025-10-24,FW
199,1,3,Woven Tops,53711.08,3812,2025-09-09,2025-11-05,FW
200,2,5,Accessories,38680.36,2404,2025-09-05,2025-10-28,FW
201,4,7,Woven Tops,62282.97,13749,2025-09-04,2025-10-27,FW
202,5,2,Denim,19998.8,1445,2025-08-28,2025-10-28,FW
203,1,7,Knitwear,95774.07,12719,2025-08-02,2025-08-27,FW
204,1,7,Knitwear,20859.44,1544,2025-08-14,2025-10-22,FW
205,1,7,Woven Tops,49162.34,7198,2025-07-05,2025-08-17,FW
206,4,8,Activewear,301871.09,14747,2025-08-18,2025-10-10,FW
207,4,7,Denim,199881.44,14828,2025-09-26,2025-12-02,FW
208,1,3,Woven Tops,53701.04,9164,2025-09-07,2025-10-27,FW
209,1,3,Activewear,193771.2,11534,2025-08-08,2025-10-01,FW
210,5,2,Denim,79655.4,8046,2025-07-30,2025-09-08,FW
211,2,6,Accessories,216201.02,13762,2025-07-15,2025-08-11,FW
212,1,3,Activewear,31196.97,2153,2025-07-27,2025-08-25,FW
213,5,4,Activewear,54574.56,12633,2025-07-07,2025-08-16,FW
214,2,6,Denim,35831.9,2795,2025-07-28,2025-08-25,FW
215,2,6,Denim,145032.16,9961,2025-09-12,2025-10-27,FW
216,2,5,Denim,68613.6,9040,2025-07-19,2025-09-24,FW
217,3,7,Woven Tops,255012.3,14913,2025-09-10,2025-11-11,FW
218,4,5,Activewear,128490.64,6142,2025-12-03,2025-12-31,FW
219,5,2,Woven Tops,26643.2,2944,2025-11-23,2026-01-13,FW
220,5,2,Woven Tops,105066.72,5427,2025-10-31,2025-12-09,FW
221,4,7,Woven Tops,101144.44,7324,2025-12-11,2026-01-31,FW
222,4,6,Activewear,91384.06,5911,2025-11-02,2025-12-10,FW
223,3,7,Accessories,11383.68,1344,2025-12-08,2026-01-14,FW
224,5,10,Accessories,240683.97,13683,2025-10-10,2025-11-16,FW
225,2,5,Knitwear,115900.4,5467,2025-10-27,2025-12-12,FW
226,2,8,Woven Tops,73239.38,4474,2025-10-16,2025-12-10,FW
227,4,6,Activewear,115420.44,13206,2025-12-10,2026-01-24,FW
228,5,4,Activewear,48567.75,4785,2025-11-15,2025-12-29,FW
229,4,7,Activewear,39658.08,3828,2025-11-30,2026-01-14,FW
230,1,7,Accessories,65567.28,4772,2025-10-19,2025-11-14,FW
231,5,4,Woven Tops,21368.61,2997,2025-11-23,2026-01-05,FW
232,4,5,Denim,148622.81,9521,2025-11-01,2025-12-27,FW
233,3,10,Denim,53210.5,8050,2025-12-22,2026-02-16,FW
234,2,8,Accessories,71916.9,3515,2025-12-09,2026-02-03,FW
235,1,7,Woven Tops,47139.64,13022,2025-12-25,2026-01-22,FW
236,2,8,Denim,52507.38,4083,2025-10-20,2025-11-14,FW
237,1,10,Knitwear,141601.53,11301,2025-12-18,2026-02-11,FW
238,5,4,Denim,10286.46,774,2025-11-22,2025-12-17,FW
239,5,2,Activewear,226819.02,13822,2025-10-03,2025-11-29,FW
240,2,8,Accessories,23394.44,2939,2025-10-13,2025-12-10,FW
241,5,2,Denim,146600.16,13524,2025-11-15,2025-12-27,FW
242,4,10,Knitwear,91568.64,11923,2025-12-12,2026-01-21,FW
243,1,10,Knitwear,37672.92,8298,2025-11-18,2026-01-17,FW
244,2,8,Accessories,199298.66,11066,2025-12-03,2026-01-24,FW
245,1,3,Accessories,240132.13,14723,2025-10-30,2025-12-07,FW
246,4,8,Accessories,241522.06,11713,2025-10-06,2025-11-04,FW
247,5,4,Woven Tops,134515.56,14433,2025-10-05,2025-11-10,FW
248,5,10,Woven Tops,35173.53,5403,2025-11-20,2025-12-19,FW
249,5,2,Woven Tops,62911.0,5935,2026-03-28,2026-05-26,SS
250,1,10,Knitwear,59679.19,7661,2026-01-07,2026-02-07,SS
251,3,8,Denim,149988.57,6999,2026-03-20,2026-05-22,SS
252,1,7,Activewear,86897.17,6329,2026-03-04,2026-04-12,SS
253,4,6,Accessories,119241.72,11324,2026-03-29,2026-05-30,SS
254,3,2,Woven Tops,31051.5,4890,2026-01-10,2026-02-09,SS
255,4,8,Denim,7196.4,1999,2026-02-16,2026-03-19,SS
256,4,8,Activewear,13643.7,2670,2026-02-04,2026-03-07,SS
257,4,5,Knitwear,38870.85,7185,2026-03-13,2026-05-09,SS
258,3,8,Activewear,185466.98,10298,2026-01-12,2026-03-16,SS
259,1,10,Woven Tops,63036.16,4477,2026-01-11,2026-03-12,SS
260,4,6,Woven Tops,46017.51,5433,2026-01-18,2026-03-01,SS
261,1,10,Denim,151625.34,8433,2026-02-23,2026-04-08,SS
262,3,2,Activewear,152499.48,10228,2026-03-22,2026-05-17,SS
263,1,7,Denim,213891.36,14288,2026-02-20,2026-04-07,SS
264,4,8,Denim,61632.76,10238,2026-02-25,2026-05-02,SS
265,5,4,Activewear,38343.13,5647,2026-01-26,2026-03-22,SS
266,3,6,Woven Tops,182841.6,8544,2026-03-30,2026-06-03,SS
267,3,10,Accessories,36352.8,6480,2026-02-05,2026-03-27,SS
268,2,6,Knitwear,206541.3,11669,2026-03-11,2026-04-16,SS
269,4,6,Activewear,230422.08,14119,2026-02-26,2026-04-10,SS
270,4,6,Woven Tops,36479.05,4465,2026-03-23,2026-05-06,SS
271,4,10,Activewear,127361.52,10296,2026-01-10,2026-03-04,SS
272,5,4,Denim,39321.26,9407,2026-03-30,2026-05-20,SS
273,5,4,Denim,40619.43,2291,2026-03-23,2026-04-22,SS
274,2,6,Activewear,211075.9,9727,2026-03-20,2026-04-16,SS
275,3,10,Accessories,17533.35,2115,2026-01-14,2026-02-08,SS
276,5,4,Denim,75323.16,9924,2026-03-16,2026-05-24,SS
277,4,10,Denim,150721.12,11812,2026-03-28,2026-05-29,SS
278,1,10,Woven Tops,45330.88,2401,2026-02-23,2026-03-25,SS
279,3,6,Activewear,97848.17,13349,2026-02-13,2026-04-08,SS
280,3,10,Denim,202072.31,12329,2026-04-13,2026-06-05,SS
281,1,7,Woven Tops,61360.32,11116,2026-04-03,2026-05-19,SS
282,2,6,Activewear,30043.26,3123,2026-04-23,2026-06-22,SS
283,4,6,Activewear,24477.9,3522,2026-05-22,2026-07-26,SS
284,4,7,Activewear,113727.9,7865,2026-06-18,2026-07-25,SS
285,1,3,Accessories,250662.5,13750,2026-05-06,2026-07-15,SS
286,1,10,Knitwear,41756.0,5840,2026-04-24,2026-06-11,SS
287,3,10,Accessories,81918.36,5634,2026-06-07,2026-08-11,SS
288,4,5,Accessories,119931.24,6266,2026-04-15,2026-06-01,SS
289,2,6,Woven Tops,51556.83,10169,2026-05-09,2026-07-12,SS
290,3,7,Woven Tops,16646.24,2416,2026-05-01,2026-06-14,SS
291,5,2,Activewear,38970.54,2758,2026-05-24,2026-07-26,SS
292,2,5,Woven Tops,243150.5,11861,2026-06-21,2026-08-19,SS
293,5,10,Activewear,19474.08,2798,2026-06-02,2026-07-15,SS
294,5,10,Activewear,50887.17,8439,2026-05-16,2026-06-10,SS
295,5,4,Activewear,116472.51,7203,2026-06-23,2026-08-18,SS
296,4,10,Woven Tops,39735.41,9763,2026-04-22,2026-05-22,SS
297,3,7,Activewear,82282.72,9308,2026-05-06,2026-06-14,SS
298,5,4,Knitwear,49577.71,8869,2026-06-03,2026-08-02,SS
299,3,8,Activewear,244597.5,13977,2026-05-17,2026-07-15,SS
300,5,10,Woven Tops,236843.88,12558,2026-05-25,2026-06-25,SS
301,3,7,Knitwear,120803.95,6211,2026-05-28,2026-07-08,SS
302,4,7,Denim,236361.3,13782,2026-05-01,2026-06-08,SS
303,5,4,Woven Tops,64417.6,10595,2026-05-25,2026-06-29,SS
304,2,8,Accessories,80214.0,9220,2026-06-12,2026-07-29,SS
305,2,5,Accessories,83511.35,9883,2026-05-08,2026-06-20,SS
306,1,10,Woven Tops,229839.15,14705,2026-04-08,2026-05-20,SS
307,2,8,Activewear,247952.25,12975,2026-05-12,2026-06-21,SS
308,4,6,Activewear,74069.22,4902,2026-06-13,2026-08-17,SS
309,4,7,Denim,92584.0,7100,2026-06-21,2026-07-21,SS
310,3,10,Knitwear,35620.7,10034,2026-06-02,2026-07-17,SS
311,4,8,Activewear,52830.48,7016,2026-07-09,2026-09-06,FW
312,2,5,Accessories,123121.25,14071,2026-08-04,2026-09-18,FW
313,5,10,Knitwear,132271.9,13415,2026-09-11,2026-11-06,FW
314,1,10,Activewear,93417.42,14551,2026-07-03,2026-08-04,FW
315,1,7,Denim,52741.02,2661,2026-07-26,2026-10-03,FW
316,2,5,Denim,52072.65,6405,2026-07-12,2026-09-16,FW
317,2,8,Woven Tops,93199.65,5505,2026-08-20,2026-10-24,FW
318,4,7,Woven Tops,49230.72,3996,2026-07-13,2026-08-07,FW
319,5,10,Denim,28592.97,7791,2026-09-05,2026-11-12,FW
320,1,7,Activewear,40048.06,8326,2026-09-27,2026-10-30,FW
321,1,3,Woven Tops,129135.6,6522,2026-07-14,2026-08-28,FW
322,4,6,Accessories,13546.8,2840,2026-09-21,2026-11-28,FW
323,1,3,Woven Tops,91779.84,12336,2026-08-26,2026-10-12,FW
324,4,5,Knitwear,109709.28,14589,2026-09-26,2026-11-18,FW
325,2,8,Denim,133441.88,6259,2026-09-14,2026-11-02,FW
326,2,8,Accessories,15209.2,1880,2026-08-05,2026-10-10,FW
327,5,4,Knitwear,277308.42,13262,2026-09-16,2026-10-29,FW
328,3,2,Activewear,61847.52,8848,2026-09-05,2026-11-07,FW
329,3,7,Activewear,38134.98,6822,2026-07-31,2026-09-25,FW
330,5,10,Woven Tops,133324.48,6416,2026-09-06,2026-10-01,FW
331,4,5,Activewear,152444.63,9451,2026-08-23,2026-10-10,FW
332,1,7,Knitwear,17104.16,4034,2026-07-02,2026-08-12,FW
333,4,5,Activewear,155474.75,12175,2026-08-06,2026-10-10,FW
334,4,10,Woven Tops,124963.95,9291,2026-07-11,2026-09-14,FW
335,3,7,Woven Tops,182333.58,8877,2026-08-09,2026-09-08,FW
336,5,2,Knitwear,191917.04,10892,2026-08-20,2026-10-21,FW
337,3,10,Activewear,22930.45,4505,2026-07-31,2026-08-28,FW
338,1,7,Woven Tops,198241.17,12651,2026-08-09,2026-10-15,FW
339,1,7,Accessories,182415.29,8633,2026-07-02,2026-08-06,FW
340,5,4,Denim,38563.2,6592,2026-08-03,2026-09-07,FW
341,1,3,Denim,65369.64,4956,2026-08-12,2026-10-03,FW
