metric_id,factory_id,time_period,carbon_footprint,water_usage,renewable_energy,waste_recycled,active_cert,cert_name
1,1,2024Q1,4.95,24.84,32.15,53.41,Certified,OEKO-TEX
2,1,2024Q2,4.9,21.94,31.02,53.98,Certified,OEKO-TEX
3,1,2024Q3,4.53,24.99,27.25,57.22,Certified,OEKO-TEX
4,1,2024Q4,4.49,25.51,28.7,56.91,Certified,OEKO-TEX
5,1,2025Q1,4.38,22.61,28.57,57.18,Certified,BSCI
6,1,2025Q2,4.75,23.44,32.49,55.21,Certified,GOTS
7,1,2025Q3,4.9,22.88,30.08,57.89,Certified,GOTS
8,1,2025Q4,4.73,23.22,31.32,54.61,Pending renewal,
9,1,2026Q1,4.44,25.44,27.74,52.26,Certified,GOTS
10,1,2026Q2,4.68,25.07,30.72,57.63,Pending renewal,
11,1,2026Q3,4.77,23.3,27.02,55.98,Certified,BSCI
12,2,2024Q1,4.75,17.42,42.68,40.61,Certified,SMETA
13,2,2024Q2,4.75,17.64,42.99,38.32,Pending renewal,
14,2,2024Q3,4.53,18.31,38.5,39.0,Certified,BSCI
15,2,2024Q4,4.63,17.89,39.78,40.12,Pending renewal,
16,2,2025Q1,4.45,16.46,41.59,41.08,Certified,GOTS
17,2,2025Q2,4.84,19.12,42.54,38.63,Certified,OEKO-TEX
18,2,2025Q3,4.36,17.1,41.35,42.38,Certified,SMETA
19,2,2025Q4,4.6,18.64,39.67,41.46,Certified,SMETA
20,2,2026Q1,4.5,18.74,38.53,41.79,Certified,SMETA
21,2,2026Q2,4.48,19.34,42.68,40.07,Pending renewal,
22,2,2026Q3,4.5,19.51,41.24,42.09,Pending renewal,
23,3,2024Q1,4.09,30.23,23.46,49.77,Pending renewal,
24,3,2024Q2,4.09,27.61,23.28,49.91,Certified,BSCI
25,3,2024Q3,4.28,29.06,21.87,48.86,Certified,BSCI
26,3,2024Q4,3.96,28.31,23.47,47.69,Certified,OEKO-TEX
27,3,2025Q1,4.05,27.58,19.39,49.7,Certified,SMETA
28,3,2025Q2,4.12,28.97,21.11,50.21,Pending renewal,
29,3,2025Q3,4.52,31.47,18.11,48.21,Pending renewal,
30,3,2025Q4,4.92,33.97,15.11,46.21,Pending renewal,
31,3,2026Q1,5.32,36.47,12.11,44.21,Not certified,
32,3,2026Q2,5.72,38.97,9.11,42.21,Not certified,
33,3,2026Q3,6.12,41.47,6.11,40.21,Not certified,
34,4,2024Q1,3.71,20.95,26.85,57.78,Certified,SMETA
35,4,2024Q2,3.36,19.58,26.23,58.31,Certified,OEKO-TEX
36,4,2024Q3,3.65,19.26,24.62,55.52,Pending renewal,
37,4,2024Q4,3.77,19.79,22.7,55.99,Certified,GOTS
38,4,2025Q1,3.9,20.54,25.69,53.69,Certified,OEKO-TEX
39,4,2025Q2,3.88,18.9,23.27,55.15,Certified,BSCI
40,4,2025Q3,3.56,21.69,23.38,58.9,Certified,BSCI
41,4,2025Q4,3.86,20.05,26.2,53.5,Certified,OEKO-TEX
42,4,2026Q1,3.75,21.29,25.62,57.72,Certified,OEKO-TEX
43,4,2026Q2,3.86,20.66,23.14,56.03,Certified,OEKO-TEX
44,4,2026Q3,3.64,19.19,23.92,56.83,Pending renewal,
45,5,2024Q1,4.92,36.16,16.18,34.89,Certified,SMETA
46,5,2024Q2,5.13,33.23,16.28,34.42,Certified,GOTS
47,5,2024Q3,4.99,33.65,16.84,34.27,Pending renewal,
48,5,2024Q4,5.04,33.83,15.3,31.66,Pending renewal,
49,5,2025Q1,4.96,32.49,15.25,32.38,Certified,BSCI
50,5,2025Q2,4.95,35.75,16.97,32.05,Pending renewal,
51,5,2025Q3,4.88,35.04,16.43,34.96,Certified,SMETA
52,5,2025Q4,4.83,35.36,14.34,34.55,Certified,BSCI
53,5,2026Q1,5.1,33.42,15.52,33.1,Certified,BSCI
54,5,2026Q2,4.59,35.84,13.82,30.71,Certified,BSCI
55,5,2026Q3,4.74,34.82,18.01,32.77,Pending renewal,
56,6,2024Q1,5.94,17.9,36.08,39.48,Certified,GOTS
57,6,2024Q2,5.67,16.76,33.66,40.52,Certified,SMETA
58,6,2024Q3,5.82,16.52,38.18,39.84,Certified,SMETA
59,6,2024Q4,5.65,16.15,32.92,37.7,Certified,OEKO-TEX
60,6,2025Q1,5.6,18.09,33.86,40.08,Pending renewal,
61,6,2025Q2,5.85,19.06,37.2,38.32,Certified,OEKO-TEX
62,6,2025Q3,5.67,17.97,32.96,36.81,Certified,BSCI
63,6,2025Q4,5.91,15.65,37.41,39.49,Certified,BSCI
64,6,2026Q1,5.77,16.9,33.31,36.85,Certified,GOTS
65,6,2026Q2,5.98,16.74,32.64,40.32,Certified,OEKO-TEX
66,6,2026Q3,5.58,17.39,34.02,42.5,Certified,SMETA
67,7,2024Q1,4.4,34.54,20.06,43.84,Certified,GOTS
68,7,2024Q2,4.5,35.73,20.59,39.15,Certified,BSCI
69,7,2024Q3,4.53,33.4,15.94,38.35,Certified,SMETA
70,7,2024Q4,4.4,35.15,16.65,39.29,Pending renewal,
71,7,2025Q1,4.3,36.21,15.33,39.3,Certified,OEKO-TEX
72,7,2025Q2,4.39,34.95,18.79,43.35,Certified,GOTS
73,7,2025Q3,4.17,35.94,18.47,42.85,Certified,SMETA
74,7,2025Q4,4.2,35.52,19.1,43.56,Pending renewal,
75,7,2026Q1,4.45,34.52,18.49,43.24,Pending renewal,
76,7,2026Q2,4.32,33.77,15.45,43.67,Pending renewal,
77,7,2026Q3,4.48,32.85,19.49,42.83,Pending renewal,
78,8,2024Q1,2.41,32.64,26.98,46.87,Certified,GOTS
79,8,2024Q2,2.14,33.54,25.4,43.69,Certified,BSCI
80,8,2024Q3,2.11,33.89,27.45,45.46,Pending renewal,
81,8,2024Q4,1.88,32.26,24.98,43.76,Certified,GOTS
82,8,2025Q1,2.25,34.08,25.95,44.19,Certified,SMETA
83,8,2025Q2,2.24,34.95,24.69,46.36,Certified,SMETA
84,8,2025Q3,2.39,33.85,23.64,46.84,Certified,OEKO-TEX
85,8,2025Q4,2.05,31.96,25.92,44.41,Certified,SMETA
86,8,2026Q1,2.43,34.5,24.39,48.66,Certified,BSCI
87,8,2026Q2,2.11,33.84,26.3,45.8,Certified,SMETA
88,8,2026Q3,1.97,34.31,27.95,43.88,Certified,BSCI
89,9,2024Q1,4.95,34.37,23.26,53.53,Pending renewal,
90,9,2024Q2,5.39,36.32,19.79,51.74,Certified,BSCI
91,9,2024Q3,5.12,36.53,21.63,50.44,Certified,OEKO-TEX
92,9,2024Q4,5.13,35.29,23.55,48.77,Pending renewal,
93,9,2025Q1,5.07,38.01,21.19,54.44,Pending renewal,
94,9,2025Q2,5.38,36.34,19.12,51.52,Pending renewal,
95,9,2025Q3,4.99,34.76,23.97,49.11,Certified,GOTS
96,9,2025Q4,5.22,36.0,22.83,49.44,Certified,BSCI
97,9,2026Q1,4.99,37.13,22.8,53.62,Pending renewal,
98,9,2026Q2,5.31,35.88,20.8,52.82,Certified,GOTS
99,9,2026Q3,5.16,35.3,23.01,50.23,Certified,GOTS
100,10,2024Q1,3.71,18.24,34.6,52.18,Certified,BSCI
101,10,2024Q2,3.66,17.18,30.65,54.37,Pending renewal,
102,10,2024Q3,3.92,16.14,29.65,57.13,Pending renewal,
103,10,2024Q4,3.85,17.45,32.68,53.29,Pending renewal,
104,10,2025Q1,3.59,16.48,29.24,56.73,Certified,OEKO-TEX
105,10,2025Q2,3.48,19.24,35.11,53.69,Certified,BSCI
106,10,2025Q3,3.71,16.67,35.18,57.02,Certified,OEKO-TEX
107,10,2025Q4,3.67,16.9,30.96,56.1,Certified,SMETA
108,10,2026Q1,3.6,17.72,33.29,56.37,Certified,SMETA
109,10,2026Q2,3.94,19.07,33.83,53.28,Certified,OEKO-TEX
110,10,2026Q3,3.82,17.94,33.25,56.23,Pending renewal,
